<?xml version="1.0" encoding="ISO-8859-1"?>
<Document>
<Header>
<platform>Java</platform>
<fileVersion>0</fileVersion>
<encogVersion>1.0.0</encogVersion>
</Header>
<objects>
<BasicNeuralDataSet native="org.encog.neural.data.basic.BasicNeuralDataSet" name="" description="">
<NeuralDataPair>
<input>
<value>0.0</value>
<value>0.0</value>
</input>
<ideal>
<value>0.0</value>
</ideal>
</NeuralDataPair>
<NeuralDataPair>
<input>
<value>1.0</value>
<value>0.0</value>
</input>
<ideal>
<value>1.0</value>
</ideal>
</NeuralDataPair>
<NeuralDataPair>
<input>
<value>0.0</value>
<value>1.0</value>
</input>
<ideal>
<value>1.0</value>
</ideal>
</NeuralDataPair>
<NeuralDataPair>
<input>
<value>1.0</value>
<value>1.0</value>
</input>
<ideal>
<value>0.0</value>
</ideal>
</NeuralDataPair>
</BasicNeuralDataSet>
</objects>
</Document>
